,state_code,quarter,policy,score
2,AK,Q4,inmate_vaccination,2
3,AK,Q1,inmate_vaccination,13
19,CA,Q1,inmate_vaccination,10
23,CO,Q1,inmate_vaccination,12
27,CT,Q1,inmate_vaccination,8
51,ID,Q1,inmate_vaccination,5
55,IL,Q1,inmate_vaccination,6
63,KS,Q1,inmate_vaccination,7
71,LA,Q1,inmate_vaccination,3
75,MA,Q1,inmate_vaccination,10
83,ME,Q1,inmate_vaccination,1
87,MI,Q1,inmate_vaccination,3
91,MN,Q1,inmate_vaccination,12
127,NM,Q1,inmate_vaccination,10
131,NV,Q1,inmate_vaccination,4
143,OK,Q1,inmate_vaccination,3
147,OR,Q1,inmate_vaccination,3
151,PA,Q1,inmate_vaccination,3
155,RI,Q1,inmate_vaccination,2
201,AK,Q4,inmate_testing,8
202,AK,Q1,inmate_testing,13
204,AL,Q3,inmate_testing,2
205,AL,Q4,inmate_testing,13
206,AL,Q1,inmate_testing,2
208,AR,Q3,inmate_testing,4
212,AZ,Q3,inmate_testing,13
213,AZ,Q4,inmate_testing,13
214,AZ,Q1,inmate_testing,13
219,CO,Q2,inmate_testing,10
220,CO,Q3,inmate_testing,10
221,CO,Q4,inmate_testing,13
222,CO,Q1,inmate_testing,13
223,CT,Q2,inmate_testing,6
228,DE,Q3,inmate_testing,12
229,DE,Q4,inmate_testing,13
230,DE,Q1,inmate_testing,13
244,IA,Q3,inmate_testing,13
245,IA,Q4,inmate_testing,13
246,IA,Q1,inmate_testing,13
248,ID,Q3,inmate_testing,13
249,ID,Q4,inmate_testing,13
250,ID,Q1,inmate_testing,13
253,IL,Q4,inmate_testing,4
254,IL,Q1,inmate_testing,13
264,KY,Q3,inmate_testing,11
265,KY,Q4,inmate_testing,13
266,KY,Q1,inmate_testing,13
271,MA,Q2,inmate_testing,4
272,MA,Q3,inmate_testing,13
273,MA,Q4,inmate_testing,8
275,MD,Q2,inmate_testing,1
276,MD,Q3,inmate_testing,13
277,MD,Q4,inmate_testing,13
278,MD,Q1,inmate_testing,13
279,ME,Q2,inmate_testing,9
280,ME,Q3,inmate_testing,13
281,ME,Q4,inmate_testing,13
282,ME,Q1,inmate_testing,13
283,MI,Q2,inmate_testing,13
284,MI,Q3,inmate_testing,13
285,MI,Q4,inmate_testing,13
286,MI,Q1,inmate_testing,13
287,MN,Q2,inmate_testing,6
288,MN,Q3,inmate_testing,13
289,MN,Q4,inmate_testing,13
290,MN,Q1,inmate_testing,13
291,MO,Q2,inmate_testing,5
292,MO,Q3,inmate_testing,6
299,MT,Q2,inmate_testing,5
300,MT,Q3,inmate_testing,13
301,MT,Q4,inmate_testing,13
302,MT,Q1,inmate_testing,2
303,NC,Q2,inmate_testing,11
304,NC,Q3,inmate_testing,13
305,NC,Q4,inmate_testing,5
311,NE,Q2,inmate_testing,2
312,NE,Q3,inmate_testing,13
313,NE,Q4,inmate_testing,13
314,NE,Q1,inmate_testing,2
319,NJ,Q2,inmate_testing,9
320,NJ,Q3,inmate_testing,13
321,NJ,Q4,inmate_testing,13
322,NJ,Q1,inmate_testing,13
327,NV,Q2,inmate_testing,5
328,NV,Q3,inmate_testing,13
329,NV,Q4,inmate_testing,13
330,NV,Q1,inmate_testing,13
335,OH,Q2,inmate_testing,10
336,OH,Q3,inmate_testing,13
337,OH,Q4,inmate_testing,4
340,OK,Q3,inmate_testing,1
341,OK,Q4,inmate_testing,13
342,OK,Q1,inmate_testing,13
363,TN,Q2,inmate_testing,9
364,TN,Q3,inmate_testing,13
365,TN,Q4,inmate_testing,10
366,TX,Q2,inmate_testing,7
367,TX,Q3,inmate_testing,13
368,TX,Q4,inmate_testing,8
374,VA,Q2,inmate_testing,10
375,VA,Q3,inmate_testing,13
376,VA,Q4,inmate_testing,12
378,VT,Q2,inmate_testing,1
380,VT,Q4,inmate_testing,9
382,WA,Q2,inmate_testing,1
383,WA,Q3,inmate_testing,2
386,WI,Q2,inmate_testing,6
387,WI,Q3,inmate_testing,1
390,WV,Q2,inmate_testing,6
391,WV,Q3,inmate_testing,13
392,WV,Q4,inmate_testing,13
393,WV,Q1,inmate_testing,13
395,WY,Q3,inmate_testing,7
414,CA,Q2,inmate_masking,11
415,CA,Q3,inmate_masking,13
416,CA,Q4,inmate_masking,13
417,CA,Q1,inmate_masking,13
418,CO,Q2,inmate_masking,10
419,CO,Q3,inmate_masking,10
420,CO,Q4,inmate_masking,13
421,CO,Q1,inmate_masking,13
422,CT,Q2,inmate_masking,10
423,CT,Q3,inmate_masking,8
430,FL,Q2,inmate_masking,9
431,FL,Q3,inmate_masking,13
432,FL,Q4,inmate_masking,13
433,FL,Q1,inmate_masking,9
443,IA,Q3,inmate_masking,12
444,IA,Q4,inmate_masking,13
445,IA,Q1,inmate_masking,13
447,ID,Q3,inmate_masking,13
448,ID,Q4,inmate_masking,13
449,ID,Q1,inmate_masking,13
450,IL,Q2,inmate_masking,8
451,IL,Q3,inmate_masking,13
452,IL,Q4,inmate_masking,13
453,IL,Q1,inmate_masking,13
459,KS,Q3,inmate_masking,13
460,KS,Q4,inmate_masking,13
461,KS,Q1,inmate_masking,13
462,KY,Q2,inmate_masking,13
463,KY,Q3,inmate_masking,13
464,KY,Q4,inmate_masking,13
465,KY,Q1,inmate_masking,13
475,MD,Q3,inmate_masking,7
476,MD,Q4,inmate_masking,13
477,MD,Q1,inmate_masking,13
482,MI,Q2,inmate_masking,4
483,MI,Q3,inmate_masking,13
484,MI,Q4,inmate_masking,13
485,MI,Q1,inmate_masking,13
486,MN,Q2,inmate_masking,13
487,MN,Q3,inmate_masking,13
488,MN,Q4,inmate_masking,13
489,MN,Q1,inmate_masking,13
491,MO,Q3,inmate_masking,7
492,MO,Q4,inmate_masking,13
493,MO,Q1,inmate_masking,2
510,NE,Q2,inmate_masking,11
511,NE,Q3,inmate_masking,13
512,NE,Q4,inmate_masking,13
513,NE,Q1,inmate_masking,2
522,NM,Q2,inmate_masking,11
523,NM,Q3,inmate_masking,13
524,NM,Q4,inmate_masking,13
525,NM,Q1,inmate_masking,13
529,NV,Q1,inmate_masking,12
535,OH,Q3,inmate_masking,12
536,OH,Q4,inmate_masking,4
543,OR,Q3,inmate_masking,7
544,OR,Q4,inmate_masking,13
573,VA,Q2,inmate_masking,13
574,VA,Q3,inmate_masking,13
575,VA,Q4,inmate_masking,12
577,VT,Q2,inmate_masking,12
578,VT,Q3,inmate_masking,13
579,VT,Q4,inmate_masking,12
581,WA,Q2,inmate_masking,11
582,WA,Q3,inmate_masking,13
583,WA,Q4,inmate_masking,11
585,WI,Q2,inmate_masking,4
586,WI,Q3,inmate_masking,13
587,WI,Q4,inmate_masking,13
588,WI,Q1,inmate_masking,13
589,WV,Q2,inmate_masking,6
590,WV,Q3,inmate_masking,13
591,WV,Q4,inmate_masking,13
592,WV,Q1,inmate_masking,13
605,AR,Q2,inmate_releases,10
606,AR,Q3,inmate_releases,13
607,AR,Q4,inmate_releases,13
608,AR,Q1,inmate_releases,13
613,CA,Q2,inmate_releases,13
614,CA,Q3,inmate_releases,13
615,CA,Q4,inmate_releases,13
616,CA,Q1,inmate_releases,13
617,CO,Q2,inmate_releases,13
618,CO,Q3,inmate_releases,4
621,CT,Q2,inmate_releases,13
622,CT,Q3,inmate_releases,10
625,DE,Q2,inmate_releases,8
626,DE,Q3,inmate_releases,1
633,GA,Q2,inmate_releases,13
634,GA,Q3,inmate_releases,13
635,GA,Q4,inmate_releases,13
636,GA,Q1,inmate_releases,13
637,HI,Q2,inmate_releases,8
638,HI,Q3,inmate_releases,6
639,HI,Q4,inmate_releases,13
640,HI,Q1,inmate_releases,13
641,IA,Q2,inmate_releases,13
642,IA,Q3,inmate_releases,13
643,IA,Q4,inmate_releases,13
644,IA,Q1,inmate_releases,13
649,IL,Q2,inmate_releases,2
650,IL,Q3,inmate_releases,13
651,IL,Q4,inmate_releases,13
652,IL,Q1,inmate_releases,13
669,MA,Q2,inmate_releases,6
670,MA,Q3,inmate_releases,13
671,MA,Q4,inmate_releases,13
672,MA,Q1,inmate_releases,13
673,MD,Q2,inmate_releases,11
674,MD,Q3,inmate_releases,13
675,MD,Q4,inmate_releases,13
676,MD,Q1,inmate_releases,13
681,MI,Q2,inmate_releases,13
682,MI,Q3,inmate_releases,13
683,MI,Q4,inmate_releases,13
684,MI,Q1,inmate_releases,13
685,MN,Q2,inmate_releases,11
686,MN,Q3,inmate_releases,8
697,MT,Q2,inmate_releases,13
698,MT,Q3,inmate_releases,13
699,MT,Q4,inmate_releases,13
700,MT,Q1,inmate_releases,2
701,NC,Q2,inmate_releases,12
702,NC,Q3,inmate_releases,13
703,NC,Q4,inmate_releases,5
705,ND,Q2,inmate_releases,13
706,ND,Q3,inmate_releases,13
707,ND,Q4,inmate_releases,4
717,NJ,Q2,inmate_releases,12
718,NJ,Q3,inmate_releases,13
719,NJ,Q4,inmate_releases,13
720,NJ,Q1,inmate_releases,13
721,NM,Q2,inmate_releases,12
722,NM,Q3,inmate_releases,13
723,NM,Q4,inmate_releases,13
724,NM,Q1,inmate_releases,13
729,NY,Q2,inmate_releases,5
730,NY,Q3,inmate_releases,13
731,NY,Q4,inmate_releases,13
741,OR,Q2,inmate_releases,3
742,OR,Q3,inmate_releases,13
743,OR,Q4,inmate_releases,13
744,OR,Q1,inmate_releases,13
745,PA,Q2,inmate_releases,13
746,PA,Q3,inmate_releases,13
747,PA,Q4,inmate_releases,13
749,RI,Q2,inmate_releases,10
750,RI,Q3,inmate_releases,6
768,UT,Q2,inmate_releases,13
769,UT,Q3,inmate_releases,13
770,UT,Q4,inmate_releases,13
772,VA,Q2,inmate_releases,10
773,VA,Q3,inmate_releases,13
774,VA,Q4,inmate_releases,12
776,VT,Q2,inmate_releases,12
777,VT,Q3,inmate_releases,13
778,VT,Q4,inmate_releases,12
780,WA,Q2,inmate_releases,4
784,WI,Q2,inmate_releases,13
785,WI,Q3,inmate_releases,13
786,WI,Q4,inmate_releases,13
787,WI,Q1,inmate_releases,13
788,WV,Q2,inmate_releases,13
789,WV,Q3,inmate_releases,13
790,WV,Q4,inmate_releases,13
791,WV,Q1,inmate_releases,13
812,CA,Q2,inmate_social_distance,13
813,CA,Q3,inmate_social_distance,13
814,CA,Q4,inmate_social_distance,13
815,CA,Q1,inmate_social_distance,13
816,CO,Q2,inmate_social_distance,13
817,CO,Q3,inmate_social_distance,10
820,CT,Q2,inmate_social_distance,13
821,CT,Q3,inmate_social_distance,10
836,HI,Q2,inmate_social_distance,9
837,HI,Q3,inmate_social_distance,13
838,HI,Q4,inmate_social_distance,13
839,HI,Q1,inmate_social_distance,13
844,ID,Q2,inmate_social_distance,3
845,ID,Q3,inmate_social_distance,13
846,ID,Q4,inmate_social_distance,13
847,ID,Q1,inmate_social_distance,13
852,IN,Q2,inmate_social_distance,13
853,IN,Q3,inmate_social_distance,13
854,IN,Q4,inmate_social_distance,13
855,IN,Q1,inmate_social_distance,13
856,KS,Q2,inmate_social_distance,13
857,KS,Q3,inmate_social_distance,13
858,KS,Q4,inmate_social_distance,13
859,KS,Q1,inmate_social_distance,13
860,KY,Q2,inmate_social_distance,9
861,KY,Q3,inmate_social_distance,10
864,LA,Q2,inmate_social_distance,13
865,LA,Q3,inmate_social_distance,10
873,MD,Q3,inmate_social_distance,7
874,MD,Q4,inmate_social_distance,13
875,MD,Q1,inmate_social_distance,13
876,ME,Q2,inmate_social_distance,13
877,ME,Q3,inmate_social_distance,13
878,ME,Q4,inmate_social_distance,13
879,ME,Q1,inmate_social_distance,13
880,MI,Q2,inmate_social_distance,13
881,MI,Q3,inmate_social_distance,13
882,MI,Q4,inmate_social_distance,13
883,MI,Q1,inmate_social_distance,13
888,MO,Q2,inmate_social_distance,12
889,MO,Q3,inmate_social_distance,13
890,MO,Q4,inmate_social_distance,13
891,MO,Q1,inmate_social_distance,2
892,MS,Q2,inmate_social_distance,5
893,MS,Q3,inmate_social_distance,13
894,MS,Q4,inmate_social_distance,13
895,MS,Q1,inmate_social_distance,2
900,NC,Q2,inmate_social_distance,11
901,NC,Q3,inmate_social_distance,13
902,NC,Q4,inmate_social_distance,5
908,NE,Q2,inmate_social_distance,13
909,NE,Q3,inmate_social_distance,13
910,NE,Q4,inmate_social_distance,13
911,NE,Q1,inmate_social_distance,2
912,NH,Q2,inmate_social_distance,4
913,NH,Q3,inmate_social_distance,13
914,NH,Q4,inmate_social_distance,13
915,NH,Q1,inmate_social_distance,13
916,NJ,Q2,inmate_social_distance,6
917,NJ,Q3,inmate_social_distance,13
918,NJ,Q4,inmate_social_distance,13
919,NJ,Q1,inmate_social_distance,13
956,SD,Q2,inmate_social_distance,13
957,SD,Q3,inmate_social_distance,13
958,SD,Q4,inmate_social_distance,10
960,TN,Q2,inmate_social_distance,12
961,TN,Q3,inmate_social_distance,13
962,TN,Q4,inmate_social_distance,10
967,UT,Q2,inmate_social_distance,7
968,UT,Q3,inmate_social_distance,13
969,UT,Q4,inmate_social_distance,13
971,VA,Q2,inmate_social_distance,7
972,VA,Q3,inmate_social_distance,13
973,VA,Q4,inmate_social_distance,12
975,VT,Q2,inmate_social_distance,5
976,VT,Q3,inmate_social_distance,13
977,VT,Q4,inmate_social_distance,12
979,WA,Q2,inmate_social_distance,11
980,WA,Q3,inmate_social_distance,13
981,WA,Q4,inmate_social_distance,11
983,WI,Q2,inmate_social_distance,7
984,WI,Q3,inmate_social_distance,13
985,WI,Q4,inmate_social_distance,13
986,WI,Q1,inmate_social_distance,13
991,WY,Q2,inmate_social_distance,13
992,WY,Q3,inmate_social_distance,13
993,WY,Q4,inmate_social_distance,13
994,WY,Q1,inmate_social_distance,13
995,AK,Q2,inmate_social_distance_sleep,11
996,AK,Q3,inmate_social_distance_sleep,13
997,AK,Q4,inmate_social_distance_sleep,13
998,AK,Q1,inmate_social_distance_sleep,13
1055,KS,Q2,inmate_social_distance_sleep,11
1056,KS,Q3,inmate_social_distance_sleep,13
1057,KS,Q4,inmate_social_distance_sleep,13
1058,KS,Q1,inmate_social_distance_sleep,13
1194,AK,Q2,inmate_screening,13
1195,AK,Q3,inmate_screening,13
1196,AK,Q4,inmate_screening,13
1197,AK,Q1,inmate_screening,13
1198,AL,Q2,inmate_screening,10
1199,AL,Q3,inmate_screening,13
1200,AL,Q4,inmate_screening,13
1201,AL,Q1,inmate_screening,13
1202,AR,Q2,inmate_screening,13
1203,AR,Q3,inmate_screening,13
1204,AR,Q4,inmate_screening,13
1205,AR,Q1,inmate_screening,13
1210,CA,Q2,inmate_screening,7
1211,CA,Q3,inmate_screening,13
1212,CA,Q4,inmate_screening,13
1213,CA,Q1,inmate_screening,13
1214,CO,Q2,inmate_screening,13
1222,DE,Q2,inmate_screening,13
1223,DE,Q3,inmate_screening,13
1224,DE,Q4,inmate_screening,13
1225,DE,Q1,inmate_screening,13
1228,FL,Q4,inmate_screening,5
1229,FL,Q1,inmate_screening,13
1230,GA,Q2,inmate_screening,13
1231,GA,Q3,inmate_screening,13
1232,GA,Q4,inmate_screening,13
1233,GA,Q1,inmate_screening,13
1234,HI,Q2,inmate_screening,9
1235,HI,Q3,inmate_screening,13
1236,HI,Q4,inmate_screening,13
1237,HI,Q1,inmate_screening,13
1238,IA,Q2,inmate_screening,13
1239,IA,Q3,inmate_screening,13
1240,IA,Q4,inmate_screening,13
1241,IA,Q1,inmate_screening,13
1242,ID,Q2,inmate_screening,13
1243,ID,Q3,inmate_screening,13
1244,ID,Q4,inmate_screening,13
1245,ID,Q1,inmate_screening,13
1247,IL,Q3,inmate_screening,9
1248,IL,Q4,inmate_screening,13
1249,IL,Q1,inmate_screening,13
1250,IN,Q2,inmate_screening,13
1251,IN,Q3,inmate_screening,13
1252,IN,Q4,inmate_screening,13
1253,IN,Q1,inmate_screening,13
1254,KS,Q2,inmate_screening,13
1255,KS,Q3,inmate_screening,13
1256,KS,Q4,inmate_screening,13
1257,KS,Q1,inmate_screening,13
1270,MD,Q2,inmate_screening,7
1271,MD,Q3,inmate_screening,13
1272,MD,Q4,inmate_screening,13
1273,MD,Q1,inmate_screening,13
1274,ME,Q2,inmate_screening,13
1275,ME,Q3,inmate_screening,13
1276,ME,Q4,inmate_screening,13
1277,ME,Q1,inmate_screening,13
1282,MN,Q2,inmate_screening,13
1283,MN,Q3,inmate_screening,13
1284,MN,Q4,inmate_screening,13
1285,MN,Q1,inmate_screening,13
1286,MO,Q2,inmate_screening,13
1287,MO,Q3,inmate_screening,13
1288,MO,Q4,inmate_screening,13
1289,MO,Q1,inmate_screening,2
1290,MS,Q2,inmate_screening,3
1291,MS,Q3,inmate_screening,13
1292,MS,Q4,inmate_screening,13
1293,MS,Q1,inmate_screening,2
1294,MT,Q2,inmate_screening,13
1295,MT,Q3,inmate_screening,13
1296,MT,Q4,inmate_screening,13
1297,MT,Q1,inmate_screening,2
1298,NC,Q2,inmate_screening,13
1299,NC,Q3,inmate_screening,13
1300,NC,Q4,inmate_screening,5
1306,NE,Q2,inmate_screening,12
1307,NE,Q3,inmate_screening,13
1308,NE,Q4,inmate_screening,13
1309,NE,Q1,inmate_screening,2
1310,NH,Q2,inmate_screening,13
1311,NH,Q3,inmate_screening,13
1312,NH,Q4,inmate_screening,13
1313,NH,Q1,inmate_screening,13
1314,NJ,Q2,inmate_screening,13
1315,NJ,Q3,inmate_screening,13
1316,NJ,Q4,inmate_screening,13
1317,NJ,Q1,inmate_screening,13
1318,NM,Q2,inmate_screening,13
1319,NM,Q3,inmate_screening,13
1320,NM,Q4,inmate_screening,13
1321,NM,Q1,inmate_screening,13
1322,NV,Q2,inmate_screening,13
1323,NV,Q3,inmate_screening,13
1324,NV,Q4,inmate_screening,13
1325,NV,Q1,inmate_screening,13
1334,OK,Q2,inmate_screening,13
1335,OK,Q3,inmate_screening,13
1336,OK,Q4,inmate_screening,13
1337,OK,Q1,inmate_screening,13
1342,PA,Q2,inmate_screening,9
1350,SC,Q2,inmate_screening,13
1351,SC,Q3,inmate_screening,13
1352,SC,Q4,inmate_screening,10
1354,SD,Q2,inmate_screening,13
1355,SD,Q3,inmate_screening,13
1356,SD,Q4,inmate_screening,10
1358,TN,Q2,inmate_screening,13
1359,TN,Q3,inmate_screening,13
1360,TN,Q4,inmate_screening,10
1361,TX,Q2,inmate_screening,13
1362,TX,Q3,inmate_screening,13
1363,TX,Q4,inmate_screening,8
1365,UT,Q2,inmate_screening,9
1366,UT,Q3,inmate_screening,13
1367,UT,Q4,inmate_screening,13
1369,VA,Q2,inmate_screening,13
1370,VA,Q3,inmate_screening,13
1371,VA,Q4,inmate_screening,12
1373,VT,Q2,inmate_screening,5
1374,VT,Q3,inmate_screening,13
1375,VT,Q4,inmate_screening,12
1377,WA,Q2,inmate_screening,7
1378,WA,Q3,inmate_screening,13
1379,WA,Q4,inmate_screening,11
1385,WV,Q2,inmate_screening,13
1386,WV,Q3,inmate_screening,13
1387,WV,Q4,inmate_screening,13
1388,WV,Q1,inmate_screening,13
1389,WY,Q2,inmate_screening,5
1390,WY,Q3,inmate_screening,13
1391,WY,Q4,inmate_screening,13
1392,WY,Q1,inmate_screening,13
1397,AL,Q2,inmate_quarantine,13
1398,AL,Q3,inmate_quarantine,13
1399,AL,Q4,inmate_quarantine,13
1400,AL,Q1,inmate_quarantine,13
1401,AR,Q2,inmate_quarantine,13
1402,AR,Q3,inmate_quarantine,13
1403,AR,Q4,inmate_quarantine,13
1404,AR,Q1,inmate_quarantine,13
1409,CA,Q2,inmate_quarantine,7
1410,CA,Q3,inmate_quarantine,13
1411,CA,Q4,inmate_quarantine,13
1412,CA,Q1,inmate_quarantine,13
1413,CO,Q2,inmate_quarantine,13
1414,CO,Q3,inmate_quarantine,10
1417,CT,Q2,inmate_quarantine,13
1418,CT,Q3,inmate_quarantine,10
1421,DE,Q2,inmate_quarantine,12
1422,DE,Q3,inmate_quarantine,2
1425,FL,Q2,inmate_quarantine,12
1426,FL,Q3,inmate_quarantine,13
1427,FL,Q4,inmate_quarantine,13
1428,FL,Q1,inmate_quarantine,13
1433,HI,Q2,inmate_quarantine,9
1434,HI,Q3,inmate_quarantine,13
1435,HI,Q4,inmate_quarantine,13
1436,HI,Q1,inmate_quarantine,13
1437,IA,Q2,inmate_quarantine,13
1438,IA,Q3,inmate_quarantine,13
1439,IA,Q4,inmate_quarantine,13
1440,IA,Q1,inmate_quarantine,13
1441,ID,Q2,inmate_quarantine,9
1442,ID,Q3,inmate_quarantine,13
1443,ID,Q4,inmate_quarantine,13
1444,ID,Q1,inmate_quarantine,13
1445,IL,Q2,inmate_quarantine,5
1446,IL,Q3,inmate_quarantine,13
1447,IL,Q4,inmate_quarantine,13
1448,IL,Q1,inmate_quarantine,13
1449,IN,Q2,inmate_quarantine,13
1450,IN,Q3,inmate_quarantine,13
1451,IN,Q4,inmate_quarantine,13
1452,IN,Q1,inmate_quarantine,13
1453,KS,Q2,inmate_quarantine,12
1454,KS,Q3,inmate_quarantine,13
1455,KS,Q4,inmate_quarantine,13
1456,KS,Q1,inmate_quarantine,13
1469,MD,Q2,inmate_quarantine,7
1470,MD,Q3,inmate_quarantine,13
1471,MD,Q4,inmate_quarantine,13
1472,MD,Q1,inmate_quarantine,13
1475,ME,Q4,inmate_quarantine,13
1476,ME,Q1,inmate_quarantine,13
1477,MI,Q2,inmate_quarantine,4
1478,MI,Q3,inmate_quarantine,13
1479,MI,Q4,inmate_quarantine,13
1480,MI,Q1,inmate_quarantine,13
1485,MO,Q2,inmate_quarantine,10
1486,MO,Q3,inmate_quarantine,13
1487,MO,Q4,inmate_quarantine,13
1488,MO,Q1,inmate_quarantine,2
1489,MS,Q2,inmate_quarantine,11
1490,MS,Q3,inmate_quarantine,13
1491,MS,Q4,inmate_quarantine,13
1492,MS,Q1,inmate_quarantine,2
1493,MT,Q2,inmate_quarantine,3
1494,MT,Q3,inmate_quarantine,13
1495,MT,Q4,inmate_quarantine,13
1496,MT,Q1,inmate_quarantine,2
1497,NC,Q2,inmate_quarantine,13
1498,NC,Q3,inmate_quarantine,13
1499,NC,Q4,inmate_quarantine,5
1501,ND,Q2,inmate_quarantine,13
1502,ND,Q3,inmate_quarantine,13
1503,ND,Q4,inmate_quarantine,4
1505,NE,Q2,inmate_quarantine,7
1506,NE,Q3,inmate_quarantine,13
1507,NE,Q4,inmate_quarantine,13
1508,NE,Q1,inmate_quarantine,2
1509,NH,Q2,inmate_quarantine,5
1510,NH,Q3,inmate_quarantine,13
1511,NH,Q4,inmate_quarantine,13
1512,NH,Q1,inmate_quarantine,13
1513,NJ,Q2,inmate_quarantine,13
1514,NJ,Q3,inmate_quarantine,13
1515,NJ,Q4,inmate_quarantine,13
1516,NJ,Q1,inmate_quarantine,13
1517,NM,Q2,inmate_quarantine,6
1518,NM,Q3,inmate_quarantine,13
1519,NM,Q4,inmate_quarantine,13
1520,NM,Q1,inmate_quarantine,13
1521,NV,Q2,inmate_quarantine,6
1522,NV,Q3,inmate_quarantine,13
1523,NV,Q4,inmate_quarantine,13
1524,NV,Q1,inmate_quarantine,13
1534,OK,Q3,inmate_quarantine,10
1535,OK,Q4,inmate_quarantine,13
1536,OK,Q1,inmate_quarantine,13
1549,SC,Q2,inmate_quarantine,11
1550,SC,Q3,inmate_quarantine,13
1551,SC,Q4,inmate_quarantine,10
1553,SD,Q2,inmate_quarantine,13
1554,SD,Q3,inmate_quarantine,13
1555,SD,Q4,inmate_quarantine,10
1557,TN,Q2,inmate_quarantine,13
1558,TN,Q3,inmate_quarantine,13
1559,TN,Q4,inmate_quarantine,10
1560,TX,Q2,inmate_quarantine,13
1561,TX,Q3,inmate_quarantine,13
1562,TX,Q4,inmate_quarantine,8
1564,UT,Q2,inmate_quarantine,13
1565,UT,Q3,inmate_quarantine,13
1566,UT,Q4,inmate_quarantine,13
1569,VA,Q3,inmate_quarantine,1
1570,VA,Q4,inmate_quarantine,12
1572,VT,Q2,inmate_quarantine,12
1573,VT,Q3,inmate_quarantine,13
1574,VT,Q4,inmate_quarantine,12
1576,WA,Q2,inmate_quarantine,12
1577,WA,Q3,inmate_quarantine,13
1578,WA,Q4,inmate_quarantine,11
1580,WI,Q2,inmate_quarantine,13
1581,WI,Q3,inmate_quarantine,13
1582,WI,Q4,inmate_quarantine,13
1583,WI,Q1,inmate_quarantine,13
1584,WV,Q2,inmate_quarantine,9
1585,WV,Q3,inmate_quarantine,13
1586,WV,Q4,inmate_quarantine,13
1587,WV,Q1,inmate_quarantine,13
1592,AK,Q2,inmate_visitation_suspended,13
1593,AK,Q3,inmate_visitation_suspended,13
1594,AK,Q4,inmate_visitation_suspended,13
1595,AK,Q1,inmate_visitation_suspended,13
1596,AL,Q2,inmate_visitation_suspended,13
1597,AL,Q3,inmate_visitation_suspended,13
1600,AR,Q2,inmate_visitation_suspended,13
1601,AR,Q3,inmate_visitation_suspended,13
1602,AR,Q4,inmate_visitation_suspended,13
1603,AR,Q1,inmate_visitation_suspended,13
1604,AZ,Q2,inmate_visitation_suspended,13
1605,AZ,Q3,inmate_visitation_suspended,13
1606,AZ,Q4,inmate_visitation_suspended,13
1607,AZ,Q1,inmate_visitation_suspended,13
1608,CA,Q2,inmate_visitation_suspended,13
1609,CA,Q3,inmate_visitation_suspended,13
1610,CA,Q4,inmate_visitation_suspended,13
1611,CA,Q1,inmate_visitation_suspended,13
1612,CO,Q2,inmate_visitation_suspended,13
1613,CO,Q3,inmate_visitation_suspended,10
1616,CT,Q2,inmate_visitation_suspended,13
1617,CT,Q3,inmate_visitation_suspended,10
1620,DE,Q2,inmate_visitation_suspended,13
1624,FL,Q2,inmate_visitation_suspended,12
1625,FL,Q3,inmate_visitation_suspended,13
1626,FL,Q4,inmate_visitation_suspended,4
1628,GA,Q2,inmate_visitation_suspended,13
1629,GA,Q3,inmate_visitation_suspended,13
1630,GA,Q4,inmate_visitation_suspended,13
1631,GA,Q1,inmate_visitation_suspended,13
1632,HI,Q2,inmate_visitation_suspended,13
1633,HI,Q3,inmate_visitation_suspended,13
1634,HI,Q4,inmate_visitation_suspended,13
1635,HI,Q1,inmate_visitation_suspended,13
1636,IA,Q2,inmate_visitation_suspended,13
1637,IA,Q3,inmate_visitation_suspended,13
1638,IA,Q4,inmate_visitation_suspended,13
1639,IA,Q1,inmate_visitation_suspended,13
1640,ID,Q2,inmate_visitation_suspended,13
1641,ID,Q3,inmate_visitation_suspended,13
1642,ID,Q4,inmate_visitation_suspended,13
1643,ID,Q1,inmate_visitation_suspended,13
1644,IL,Q2,inmate_visitation_suspended,13
1645,IL,Q3,inmate_visitation_suspended,13
1646,IL,Q4,inmate_visitation_suspended,13
1647,IL,Q1,inmate_visitation_suspended,13
1648,IN,Q2,inmate_visitation_suspended,13
1649,IN,Q3,inmate_visitation_suspended,13
1650,IN,Q4,inmate_visitation_suspended,13
1651,IN,Q1,inmate_visitation_suspended,13
1652,KS,Q2,inmate_visitation_suspended,13
1653,KS,Q3,inmate_visitation_suspended,13
1654,KS,Q4,inmate_visitation_suspended,13
1655,KS,Q1,inmate_visitation_suspended,13
1657,KY,Q3,inmate_visitation_suspended,2
1658,KY,Q4,inmate_visitation_suspended,13
1659,KY,Q1,inmate_visitation_suspended,13
1660,LA,Q2,inmate_visitation_suspended,13
1661,LA,Q3,inmate_visitation_suspended,10
1662,LA,Q4,inmate_visitation_suspended,4
1663,LA,Q1,inmate_visitation_suspended,10
1664,MA,Q2,inmate_visitation_suspended,13
1665,MA,Q3,inmate_visitation_suspended,13
1666,MA,Q4,inmate_visitation_suspended,7
1667,MA,Q1,inmate_visitation_suspended,13
1668,MD,Q2,inmate_visitation_suspended,13
1669,MD,Q3,inmate_visitation_suspended,13
1670,MD,Q4,inmate_visitation_suspended,13
1671,MD,Q1,inmate_visitation_suspended,13
1672,ME,Q2,inmate_visitation_suspended,13
1673,ME,Q3,inmate_visitation_suspended,4
1674,ME,Q4,inmate_visitation_suspended,4
1675,ME,Q1,inmate_visitation_suspended,11
1676,MI,Q2,inmate_visitation_suspended,13
1677,MI,Q3,inmate_visitation_suspended,13
1678,MI,Q4,inmate_visitation_suspended,13
1679,MI,Q1,inmate_visitation_suspended,12
1680,MN,Q2,inmate_visitation_suspended,13
1681,MN,Q3,inmate_visitation_suspended,3
1684,MO,Q2,inmate_visitation_suspended,13
1685,MO,Q3,inmate_visitation_suspended,13
1686,MO,Q4,inmate_visitation_suspended,13
1687,MO,Q1,inmate_visitation_suspended,2
1688,MS,Q2,inmate_visitation_suspended,13
1689,MS,Q3,inmate_visitation_suspended,13
1690,MS,Q4,inmate_visitation_suspended,13
1691,MS,Q1,inmate_visitation_suspended,2
1692,MT,Q2,inmate_visitation_suspended,13
1693,MT,Q3,inmate_visitation_suspended,13
1694,MT,Q4,inmate_visitation_suspended,13
1695,MT,Q1,inmate_visitation_suspended,2
1696,NC,Q2,inmate_visitation_suspended,11
1700,ND,Q2,inmate_visitation_suspended,13
1701,ND,Q3,inmate_visitation_suspended,8
1704,NE,Q2,inmate_visitation_suspended,13
1705,NE,Q3,inmate_visitation_suspended,10
1706,NE,Q4,inmate_visitation_suspended,13
1707,NE,Q1,inmate_visitation_suspended,2
1708,NH,Q2,inmate_visitation_suspended,13
1709,NH,Q3,inmate_visitation_suspended,10
1712,NJ,Q2,inmate_visitation_suspended,13
1713,NJ,Q3,inmate_visitation_suspended,13
1714,NJ,Q4,inmate_visitation_suspended,4
1715,NJ,Q1,inmate_visitation_suspended,13
1716,NM,Q2,inmate_visitation_suspended,13
1717,NM,Q3,inmate_visitation_suspended,13
1718,NM,Q4,inmate_visitation_suspended,13
1719,NM,Q1,inmate_visitation_suspended,13
1720,NV,Q2,inmate_visitation_suspended,13
1721,NV,Q3,inmate_visitation_suspended,13
1722,NV,Q4,inmate_visitation_suspended,13
1723,NV,Q1,inmate_visitation_suspended,13
1724,NY,Q2,inmate_visitation_suspended,13
1725,NY,Q3,inmate_visitation_suspended,8
1728,OH,Q2,inmate_visitation_suspended,13
1729,OH,Q3,inmate_visitation_suspended,7
1732,OK,Q2,inmate_visitation_suspended,8
1734,OK,Q4,inmate_visitation_suspended,13
1735,OK,Q1,inmate_visitation_suspended,13
1736,OR,Q2,inmate_visitation_suspended,13
1737,OR,Q3,inmate_visitation_suspended,13
1738,OR,Q4,inmate_visitation_suspended,13
1739,OR,Q1,inmate_visitation_suspended,13
1740,PA,Q2,inmate_visitation_suspended,13
1741,PA,Q3,inmate_visitation_suspended,13
1742,PA,Q4,inmate_visitation_suspended,13
1744,RI,Q2,inmate_visitation_suspended,13
1745,RI,Q3,inmate_visitation_suspended,6
1748,SC,Q2,inmate_visitation_suspended,13
1749,SC,Q3,inmate_visitation_suspended,13
1750,SC,Q4,inmate_visitation_suspended,10
1752,SD,Q2,inmate_visitation_suspended,13
1753,SD,Q3,inmate_visitation_suspended,13
1754,SD,Q4,inmate_visitation_suspended,10
1756,TN,Q2,inmate_visitation_suspended,13
1757,TN,Q3,inmate_visitation_suspended,13
1758,TN,Q4,inmate_visitation_suspended,10
1759,TX,Q2,inmate_visitation_suspended,13
1760,TX,Q3,inmate_visitation_suspended,13
1761,TX,Q4,inmate_visitation_suspended,8
1763,UT,Q2,inmate_visitation_suspended,13
1764,UT,Q3,inmate_visitation_suspended,13
1765,UT,Q4,inmate_visitation_suspended,13
1767,VA,Q2,inmate_visitation_suspended,13
1768,VA,Q3,inmate_visitation_suspended,13
1769,VA,Q4,inmate_visitation_suspended,12
1771,VT,Q2,inmate_visitation_suspended,13
1772,VT,Q3,inmate_visitation_suspended,13
1773,VT,Q4,inmate_visitation_suspended,12
1775,WA,Q2,inmate_visitation_suspended,13
1776,WA,Q3,inmate_visitation_suspended,13
1777,WA,Q4,inmate_visitation_suspended,11
1779,WI,Q2,inmate_visitation_suspended,13
1780,WI,Q3,inmate_visitation_suspended,13
1781,WI,Q4,inmate_visitation_suspended,13
1782,WI,Q1,inmate_visitation_suspended,13
1783,WV,Q2,inmate_visitation_suspended,13
1784,WV,Q3,inmate_visitation_suspended,13
1785,WV,Q4,inmate_visitation_suspended,13
1786,WV,Q1,inmate_visitation_suspended,13
1787,WY,Q2,inmate_visitation_suspended,13
1788,WY,Q3,inmate_visitation_suspended,13
1789,WY,Q4,inmate_visitation_suspended,13
1790,WY,Q1,inmate_visitation_suspended,13
1808,CA,Q3,staff_testing,13
1809,CA,Q4,staff_testing,13
1810,CA,Q1,staff_testing,13
1812,CO,Q3,staff_testing,8
1815,CT,Q2,staff_testing,6
1821,DE,Q4,staff_testing,4
1822,DE,Q1,staff_testing,13
1840,ID,Q3,staff_testing,12
1841,ID,Q4,staff_testing,13
1842,ID,Q1,staff_testing,13
1845,IL,Q4,staff_testing,4
1846,IL,Q1,staff_testing,13
1851,KS,Q2,staff_testing,9
1852,KS,Q3,staff_testing,4
1865,MA,Q4,staff_testing,2
1867,MD,Q2,staff_testing,4
1868,MD,Q3,staff_testing,13
1869,MD,Q4,staff_testing,13
1870,MD,Q1,staff_testing,13
1879,MN,Q2,staff_testing,4
1880,MN,Q3,staff_testing,13
1881,MN,Q4,staff_testing,13
1882,MN,Q1,staff_testing,13
1883,MO,Q2,staff_testing,5
1884,MO,Q3,staff_testing,13
1885,MO,Q4,staff_testing,13
1886,MO,Q1,staff_testing,2
1891,MT,Q2,staff_testing,5
1892,MT,Q3,staff_testing,13
1893,MT,Q4,staff_testing,13
1894,MT,Q1,staff_testing,2
1911,NJ,Q2,staff_testing,9
1912,NJ,Q3,staff_testing,13
1913,NJ,Q4,staff_testing,13
1914,NJ,Q1,staff_testing,13
1915,NM,Q2,staff_testing,8
1916,NM,Q3,staff_testing,13
1917,NM,Q4,staff_testing,13
1918,NM,Q1,staff_testing,13
1919,NV,Q2,staff_testing,5
1920,NV,Q3,staff_testing,13
1921,NV,Q4,staff_testing,13
1922,NV,Q1,staff_testing,13
1927,OH,Q2,staff_testing,10
1928,OH,Q3,staff_testing,13
1929,OH,Q4,staff_testing,4
1955,TN,Q2,staff_testing,8
1956,TN,Q3,staff_testing,13
1957,TN,Q4,staff_testing,10
1966,VA,Q2,staff_testing,10
1967,VA,Q3,staff_testing,13
1968,VA,Q4,staff_testing,12
1970,VT,Q2,staff_testing,1
1974,WA,Q2,staff_testing,1
1975,WA,Q3,staff_testing,13
1976,WA,Q4,staff_testing,11
1978,WI,Q2,staff_testing,6
1982,WV,Q2,staff_testing,6
1983,WV,Q3,staff_testing,13
1984,WV,Q4,staff_testing,13
1985,WV,Q1,staff_testing,13
1987,WY,Q3,staff_testing,9
1988,WY,Q4,staff_testing,13
1989,WY,Q1,staff_testing,13
1991,AK,Q3,staff_masking,10
1992,AK,Q4,staff_masking,13
1993,AK,Q1,staff_masking,13
1994,AL,Q2,staff_masking,9
1995,AL,Q3,staff_masking,13
1996,AL,Q4,staff_masking,13
1997,AL,Q1,staff_masking,13
1998,AR,Q2,staff_masking,11
1999,AR,Q3,staff_masking,13
2000,AR,Q4,staff_masking,13
2001,AR,Q1,staff_masking,13
2002,AZ,Q2,staff_masking,2
2003,AZ,Q3,staff_masking,13
2004,AZ,Q4,staff_masking,13
2005,AZ,Q1,staff_masking,13
2006,CA,Q2,staff_masking,12
2007,CA,Q3,staff_masking,13
2008,CA,Q4,staff_masking,13
2009,CA,Q1,staff_masking,13
2010,CO,Q2,staff_masking,11
2011,CO,Q3,staff_masking,10
2012,CO,Q4,staff_masking,13
2013,CO,Q1,staff_masking,13
2014,CT,Q2,staff_masking,10
2015,CT,Q3,staff_masking,8
2018,DE,Q2,staff_masking,12
2019,DE,Q3,staff_masking,13
2020,DE,Q4,staff_masking,13
2021,DE,Q1,staff_masking,13
2022,FL,Q2,staff_masking,9
2023,FL,Q3,staff_masking,13
2024,FL,Q4,staff_masking,13
2025,FL,Q1,staff_masking,13
2030,HI,Q2,staff_masking,9
2031,HI,Q3,staff_masking,13
2032,HI,Q4,staff_masking,13
2033,HI,Q1,staff_masking,13
2034,IA,Q2,staff_masking,12
2035,IA,Q3,staff_masking,13
2036,IA,Q4,staff_masking,13
2037,IA,Q1,staff_masking,13
2038,ID,Q2,staff_masking,1
2039,ID,Q3,staff_masking,13
2040,ID,Q4,staff_masking,13
2041,ID,Q1,staff_masking,13
2042,IL,Q2,staff_masking,13
2043,IL,Q3,staff_masking,13
2044,IL,Q4,staff_masking,13
2045,IL,Q1,staff_masking,13
2046,IN,Q2,staff_masking,13
2047,IN,Q3,staff_masking,13
2048,IN,Q4,staff_masking,13
2049,IN,Q1,staff_masking,13
2051,KS,Q3,staff_masking,13
2052,KS,Q4,staff_masking,13
2053,KS,Q1,staff_masking,13
2054,KY,Q2,staff_masking,13
2055,KY,Q3,staff_masking,13
2056,KY,Q4,staff_masking,13
2057,KY,Q1,staff_masking,13
2062,MA,Q2,staff_masking,13
2063,MA,Q3,staff_masking,13
2064,MA,Q4,staff_masking,13
2065,MA,Q1,staff_masking,13
2066,MD,Q2,staff_masking,9
2067,MD,Q3,staff_masking,13
2068,MD,Q4,staff_masking,13
2069,MD,Q1,staff_masking,13
2072,ME,Q4,staff_masking,13
2073,ME,Q1,staff_masking,13
2074,MI,Q2,staff_masking,13
2075,MI,Q3,staff_masking,13
2076,MI,Q4,staff_masking,13
2077,MI,Q1,staff_masking,13
2078,MN,Q2,staff_masking,13
2079,MN,Q3,staff_masking,13
2080,MN,Q4,staff_masking,13
2081,MN,Q1,staff_masking,13
2083,MO,Q3,staff_masking,7
2084,MO,Q4,staff_masking,13
2085,MO,Q1,staff_masking,2
2086,MS,Q2,staff_masking,11
2087,MS,Q3,staff_masking,13
2088,MS,Q4,staff_masking,13
2089,MS,Q1,staff_masking,2
2090,MT,Q2,staff_masking,3
2091,MT,Q3,staff_masking,13
2092,MT,Q4,staff_masking,13
2093,MT,Q1,staff_masking,2
2102,NE,Q2,staff_masking,13
2103,NE,Q3,staff_masking,13
2104,NE,Q4,staff_masking,13
2105,NE,Q1,staff_masking,2
2106,NH,Q2,staff_masking,4
2107,NH,Q3,staff_masking,13
2108,NH,Q4,staff_masking,13
2109,NH,Q1,staff_masking,13
2110,NJ,Q2,staff_masking,6
2111,NJ,Q3,staff_masking,13
2112,NJ,Q4,staff_masking,13
2113,NJ,Q1,staff_masking,13
2114,NM,Q2,staff_masking,9
2115,NM,Q3,staff_masking,13
2116,NM,Q4,staff_masking,13
2117,NM,Q1,staff_masking,13
2118,NV,Q2,staff_masking,10
2119,NV,Q3,staff_masking,13
2120,NV,Q4,staff_masking,13
2121,NV,Q1,staff_masking,13
2122,NY,Q2,staff_masking,5
2123,NY,Q3,staff_masking,13
2124,NY,Q4,staff_masking,13
2127,OH,Q3,staff_masking,12
2128,OH,Q4,staff_masking,4
2131,OK,Q3,staff_masking,3
2132,OK,Q4,staff_masking,13
2133,OK,Q1,staff_masking,13
2134,OR,Q2,staff_masking,8
2135,OR,Q3,staff_masking,6
2142,RI,Q2,staff_masking,10
2150,SD,Q2,staff_masking,12
2151,SD,Q3,staff_masking,13
2152,SD,Q4,staff_masking,10
2157,TX,Q2,staff_masking,12
2158,TX,Q3,staff_masking,13
2159,TX,Q4,staff_masking,8
2162,UT,Q3,staff_masking,13
2163,UT,Q4,staff_masking,13
2165,VA,Q2,staff_masking,13
2166,VA,Q3,staff_masking,13
2167,VA,Q4,staff_masking,12
2169,VT,Q2,staff_masking,12
2170,VT,Q3,staff_masking,13
2171,VT,Q4,staff_masking,12
2177,WI,Q2,staff_masking,4
2178,WI,Q3,staff_masking,13
2179,WI,Q4,staff_masking,13
2180,WI,Q1,staff_masking,13
2181,WV,Q2,staff_masking,6
2182,WV,Q3,staff_masking,13
2183,WV,Q4,staff_masking,13
2184,WV,Q1,staff_masking,13
2185,WY,Q2,staff_masking,11
2186,WY,Q3,staff_masking,13
2187,WY,Q4,staff_masking,13
2188,WY,Q1,staff_masking,13
2193,AL,Q2,staff_quarantine,13
2194,AL,Q3,staff_quarantine,13
2195,AL,Q4,staff_quarantine,13
2196,AL,Q1,staff_quarantine,13
2205,CA,Q2,staff_quarantine,13
2206,CA,Q3,staff_quarantine,13
2207,CA,Q4,staff_quarantine,13
2208,CA,Q1,staff_quarantine,13
2217,DE,Q2,staff_quarantine,13
2218,DE,Q3,staff_quarantine,1
2221,FL,Q2,staff_quarantine,12
2222,FL,Q3,staff_quarantine,13
2223,FL,Q4,staff_quarantine,13
2224,FL,Q1,staff_quarantine,13
2225,GA,Q2,staff_quarantine,13
2226,GA,Q3,staff_quarantine,13
2227,GA,Q4,staff_quarantine,13
2228,GA,Q1,staff_quarantine,13
2229,HI,Q2,staff_quarantine,9
2230,HI,Q3,staff_quarantine,13
2231,HI,Q4,staff_quarantine,13
2232,HI,Q1,staff_quarantine,13
2233,IA,Q2,staff_quarantine,11
2234,IA,Q3,staff_quarantine,13
2235,IA,Q4,staff_quarantine,13
2236,IA,Q1,staff_quarantine,13
2237,ID,Q2,staff_quarantine,1
2238,ID,Q3,staff_quarantine,13
2239,ID,Q4,staff_quarantine,13
2240,ID,Q1,staff_quarantine,13
2241,IL,Q2,staff_quarantine,8
2242,IL,Q3,staff_quarantine,13
2243,IL,Q4,staff_quarantine,13
2244,IL,Q1,staff_quarantine,13
2265,MD,Q2,staff_quarantine,4
2266,MD,Q3,staff_quarantine,13
2267,MD,Q4,staff_quarantine,13
2268,MD,Q1,staff_quarantine,13
2281,MO,Q2,staff_quarantine,13
2282,MO,Q3,staff_quarantine,13
2283,MO,Q4,staff_quarantine,13
2284,MO,Q1,staff_quarantine,2
2301,NE,Q2,staff_quarantine,9
2302,NE,Q3,staff_quarantine,13
2303,NE,Q4,staff_quarantine,13
2304,NE,Q1,staff_quarantine,2
2309,NJ,Q2,staff_quarantine,6
2310,NJ,Q3,staff_quarantine,13
2311,NJ,Q4,staff_quarantine,13
2312,NJ,Q1,staff_quarantine,13
2313,NM,Q2,staff_quarantine,10
2314,NM,Q3,staff_quarantine,13
2315,NM,Q4,staff_quarantine,13
2316,NM,Q1,staff_quarantine,13
2333,OR,Q2,staff_quarantine,8
2334,OR,Q3,staff_quarantine,6
2353,TN,Q2,staff_quarantine,13
2354,TN,Q3,staff_quarantine,13
2355,TN,Q4,staff_quarantine,10
2368,VT,Q2,staff_quarantine,12
2369,VT,Q3,staff_quarantine,13
2370,VT,Q4,staff_quarantine,12
2372,WA,Q2,staff_quarantine,5
2373,WA,Q3,staff_quarantine,13
2374,WA,Q4,staff_quarantine,11
2376,WI,Q2,staff_quarantine,13
2377,WI,Q3,staff_quarantine,13
2378,WI,Q4,staff_quarantine,13
2379,WI,Q1,staff_quarantine,13
